{"mean":{"confidence_interval":{"confidence_level":0.95,"lower_bound":-0.029803716271300722,"upper_bound":-0.0033479735073210296},"point_estimate":-0.01696139370712635,"standard_error":0.006729088028138018},"median":{"confidence_interval":{"confidence_level":0.95,"lower_bound":-0.023571503035933805,"upper_bound":-0.008269056725195068},"point_estimate":-0.017735380008536028,"standard_error":0.004034667371707502}}