{"mean":{"confidence_interval":{"confidence_level":0.95,"lower_bound":-0.014250262077035385,"upper_bound":0.013860736029939646},"point_estimate":-0.00026174256993105605,"standard_error":0.007128532962883978},"median":{"confidence_interval":{"confidence_level":0.95,"lower_bound":-0.002384607086199142,"upper_bound":0.005574383248802661},"point_estimate":0.0013095669274134636,"standard_error":0.0020542404851240786}}