{"mean":{"confidence_interval":{"confidence_level":0.95,"lower_bound":319.3566339933147,"upper_bound":332.57071043801284},"point_estimate":325.0971865226571,"standard_error":3.404033793147549},"median":{"confidence_interval":{"confidence_level":0.95,"lower_bound":309.88658920404913,"upper_bound":324.0225486815925},"point_estimate":314.9155110416241,"standard_error":4.098934308011585},"median_abs_dev":{"confidence_interval":{"confidence_level":0.95,"lower_bound":7.785508987252736,"upper_bound":24.11383912220651},"point_estimate":14.913419298553999,"standard_error":4.843466230656922},"slope":{"confidence_interval":{"confidence_level":0.95,"lower_bound":321.9748711178443,"upper_bound":330.9204204305553},"point_estimate":326.55181862666274,"standard_error":2.2760766370374514},"std_dev":{"confidence_interval":{"confidence_level":0.95,"lower_bound":15.956377919083707,"upper_bound":52.13455411995116},"point_estimate":34.24697642704188,"standard_error":10.427751330540264}}