{"mean":{"confidence_interval":{"confidence_level":0.95,"lower_bound":-0.9467670460952061,"upper_bound":-0.9453137375277844},"point_estimate":-0.9460408206976633,"standard_error":0.0003703085054021201},"median":{"confidence_interval":{"confidence_level":0.95,"lower_bound":-0.947538685474697,"upper_bound":-0.9456487631973581},"point_estimate":-0.9461670339725108,"standard_error":0.0005183268356356428}}