{"mean":{"confidence_interval":{"confidence_level":0.95,"lower_bound":-0.9551605174359026,"upper_bound":-0.9531756902708756},"point_estimate":-0.9541897289952149,"standard_error":0.0005081233595300785},"median":{"confidence_interval":{"confidence_level":0.95,"lower_bound":-0.9550439639263041,"upper_bound":-0.9527643733928295},"point_estimate":-0.9543043591586898,"standard_error":0.0005732511030765149}}