{"mean":{"confidence_interval":{"confidence_level":0.95,"lower_bound":-0.09949656038183823,"upper_bound":-0.046936717300397286},"point_estimate":-0.07311263746219476,"standard_error":0.013398049068517796},"median":{"confidence_interval":{"confidence_level":0.95,"lower_bound":-0.0798645932303561,"upper_bound":-0.029112634125020187},"point_estimate":-0.057850007003685144,"standard_error":0.011202344849246641}}