{"mean":{"confidence_interval":{"confidence_level":0.95,"lower_bound":0.0690752113078143,"upper_bound":0.15923849417401434},"point_estimate":0.11238589589960912,"standard_error":0.023320724191853485},"median":{"confidence_interval":{"confidence_level":0.95,"lower_bound":0.05085853534430007,"upper_bound":0.08961538302638283},"point_estimate":0.06983809688234843,"standard_error":0.008771374211832463}}