{"mean":{"confidence_interval":{"confidence_level":0.95,"lower_bound":-0.9532347678605632,"upper_bound":-0.9513181698847226},"point_estimate":-0.952289270685218,"standard_error":0.00049074314267481},"median":{"confidence_interval":{"confidence_level":0.95,"lower_bound":-0.953084377408853,"upper_bound":-0.9512799178704463},"point_estimate":-0.9520882194442232,"standard_error":0.00046301226625920143}}