{"mean":{"confidence_interval":{"confidence_level":0.95,"lower_bound":-0.11579549611468012,"upper_bound":-0.06678854881210647},"point_estimate":-0.08943870965940082,"standard_error":0.012520226942154234},"median":{"confidence_interval":{"confidence_level":0.95,"lower_bound":-0.07982677614757182,"upper_bound":-0.06666744844185213},"point_estimate":-0.07120831328028043,"standard_error":0.003464890172687624}}