{"mean":{"confidence_interval":{"confidence_level":0.95,"lower_bound":698.6181125249224,"upper_bound":729.745638221963},"point_estimate":712.4385172898589,"standard_error":7.97655232975426},"median":{"confidence_interval":{"confidence_level":0.95,"lower_bound":672.0325733372059,"upper_bound":706.0995740149094},"point_estimate":676.9926346417161,"standard_error":10.607275298060204},"median_abs_dev":{"confidence_interval":{"confidence_level":0.95,"lower_bound":9.33341384727842,"upper_bound":53.58221889510804},"point_estimate":18.308600061286686,"standard_error":13.449108040167282},"slope":{"confidence_interval":{"confidence_level":0.95,"lower_bound":692.6728275519831,"upper_bound":719.9174891490106},"point_estimate":706.16525243252,"standard_error":6.9443304583249486},"std_dev":{"confidence_interval":{"confidence_level":0.95,"lower_bound":43.4201295856098,"upper_bound":117.70978850060584},"point_estimate":79.83572718009657,"standard_error":21.578381151652092}}