{"mean":{"confidence_interval":{"confidence_level":0.95,"lower_bound":-0.06705933458291431,"upper_bound":-0.013476327000242191},"point_estimate":-0.039316433968540676,"standard_error":0.013669883190632443},"median":{"confidence_interval":{"confidence_level":0.95,"lower_bound":-0.05785269497520362,"upper_bound":-0.010940248545126319},"point_estimate":-0.03325483565553211,"standard_error":0.01153732220071252}}