{"mean":{"confidence_interval":{"confidence_level":0.95,"lower_bound":10992938.677049996,"upper_bound":11246545.939049993},"point_estimate":11114194.105999997,"standard_error":64887.648359223196},"median":{"confidence_interval":{"confidence_level":0.95,"lower_bound":10734792.8,"upper_bound":10900163.5},"point_estimate":10783941.9,"standard_error":47663.9199584033},"median_abs_dev":{"confidence_interval":{"confidence_level":0.95,"lower_bound":139431.82617259136,"upper_bound":390622.3941850651},"point_estimate":212676.74232423306,"standard_error":68139.16058421893},"slope":null,"std_dev":{"confidence_interval":{"confidence_level":0.95,"lower_bound":495106.06138653564,"upper_bound":787772.0581033191},"point_estimate":650017.0968793506,"standard_error":74832.5900254909}}