{"mean":{"confidence_interval":{"confidence_level":0.95,"lower_bound":17696.884725539472,"upper_bound":18708.01163397477},"point_estimate":18151.017752536558,"standard_error":259.12293906167554},"median":{"confidence_interval":{"confidence_level":0.95,"lower_bound":16826.264430284857,"upper_bound":17936.354615116685},"point_estimate":17228.098337438423,"standard_error":266.54227692250953},"median_abs_dev":{"confidence_interval":{"confidence_level":0.95,"lower_bound":674.6325006390699,"upper_bound":2066.2566681357825},"point_estimate":1233.1013534537606,"standard_error":308.3609953497842},"slope":{"confidence_interval":{"confidence_level":0.95,"lower_bound":17739.655358169726,"upper_bound":18432.79263014202},"point_estimate":18076.523244650765,"standard_error":177.6023120115393},"std_dev":{"confidence_interval":{"confidence_level":0.95,"lower_bound":1488.0192965114106,"upper_bound":3787.8103915547167},"point_estimate":2601.1108636180393,"standard_error":672.7783250012052}}