{"mean":{"confidence_interval":{"confidence_level":0.95,"lower_bound":-0.0884446734261293,"upper_bound":-0.05001366400956711},"point_estimate":-0.06901312348915123,"standard_error":0.009778184848717071},"median":{"confidence_interval":{"confidence_level":0.95,"lower_bound":-0.08634864083464133,"upper_bound":-0.05487789164984758},"point_estimate":-0.07455197541914227,"standard_error":0.007674138701575025}}