{"mean":{"confidence_interval":{"confidence_level":0.95,"lower_bound":2521.601436578918,"upper_bound":2657.737388342665},"point_estimate":2584.7626392555662,"standard_error":34.93986508441729},"median":{"confidence_interval":{"confidence_level":0.95,"lower_bound":2436.1584649283877,"upper_bound":2548.76294063765},"point_estimate":2517.4502165783238,"standard_error":29.85194414430333},"median_abs_dev":{"confidence_interval":{"confidence_level":0.95,"lower_bound":160.5099883053801,"upper_bound":277.9948157871639},"point_estimate":248.58936643849094,"standard_error":29.43940169935094},"slope":{"confidence_interval":{"confidence_level":0.95,"lower_bound":2503.663587531842,"upper_bound":2649.8922868249583},"point_estimate":2572.5314311514026,"standard_error":37.269633884300056},"std_dev":{"confidence_interval":{"confidence_level":0.95,"lower_bound":219.60285033150305,"upper_bound":462.44679277975587},"point_estimate":351.97168845764054,"standard_error":61.84637022981453}}