{"mean":{"confidence_interval":{"confidence_level":0.95,"lower_bound":-0.08353289428368701,"upper_bound":-0.03210711053011671},"point_estimate":-0.05682140153761728,"standard_error":0.01315826284373997},"median":{"confidence_interval":{"confidence_level":0.95,"lower_bound":-0.08128881863143034,"upper_bound":-0.00172484528803718},"point_estimate":-0.0422065993910945,"standard_error":0.02028580994853192}}