{"mean":{"confidence_interval":{"confidence_level":0.95,"lower_bound":-0.9537633290562063,"upper_bound":-0.9515466762753516},"point_estimate":-0.9527007811623769,"standard_error":0.0005712486813450968},"median":{"confidence_interval":{"confidence_level":0.95,"lower_bound":-0.954921869060586,"upper_bound":-0.9524563760575913},"point_estimate":-0.9539467991376291,"standard_error":0.0006186026326906953}}