{"mean":{"confidence_interval":{"confidence_level":0.95,"lower_bound":-0.9488154235091123,"upper_bound":-0.9467906495730192},"point_estimate":-0.9478274877066254,"standard_error":0.0005126892959414593},"median":{"confidence_interval":{"confidence_level":0.95,"lower_bound":-0.947959795161387,"upper_bound":-0.9461854495712125},"point_estimate":-0.9468354718444761,"standard_error":0.00049541837622069}}