{"mean":{"confidence_interval":{"confidence_level":0.95,"lower_bound":-0.9569321453642335,"upper_bound":-0.9554484926137443},"point_estimate":-0.9561874191952872,"standard_error":0.0003799679701416564},"median":{"confidence_interval":{"confidence_level":0.95,"lower_bound":-0.95799088679092,"upper_bound":-0.9550437026115374},"point_estimate":-0.9564051915220224,"standard_error":0.0008462844861389637}}